ID,Name,Email,student_mailid,tutor_mailid,language,Concept_Understanding,Participation,Accuracy,Completion,Effort,Engagement,Fluency,Feedback
1,Manav Varma,manav@gmail.com,manav@gmail.com,rparida@gmail.com,Spanish,2,3,3,3,3,2,3,"Your dedication and effort in learning Spanish are commendable, with strong participation and completion of tasks; however, there's room for improvement in concept understanding and fluency, keep up the good work!"
1,Manav Varma,manav@gmail.com,manav@gmail.com,rparida@gmail.com,French,2,2,2,2,1,2,2,"Your understanding and engagement with French concepts are commendable, but focusing a bit more on accuracy and effort could enhance your overall learning experience. Keep up the good work!"
1,Manav Varma,manav@gmail.com,manav@gmail.com,rparida@gmail.com,German,1,1,1,1,3,2,1,"Your dedication and participation in German language learning are commendable, although there is room for improvement in accuracy and fluency."
2,Raghav Sharma,sharma.raghav@yahoo.com,sharma.raghav@yahoo.com,rparida@gmail.com,spanish,3,2,3,3,2,3,2,Your accuracy and completion of tasks in spanish are highly commendable but putting a bit more effort into participation and fluency would enhance your overall learning experience. Keep up the good work!
2,Raghav Sharma,sharma.raghav@yahoo.com,sharma.raghav@yahoo.com,pandeychirag2@gmail.com,Chinese,2,3,2,3,2,2,3,Your active participation and effort in learning Chinese are commendable with strong engagement and completion of tasks; however room for improvement in accuracy and fluency keep up the good work!
2,Raghav Sharma,sharma.raghav@yahoo.com,sharma.raghav@yahoo.com,khullarswati@gmail.com,Japanese,3,2,3,1,3,3,2,Your dedication and engagement in learning Japanese are evident with strong accuracy and effort; however room for improvement in participation and completion of tasks keep up the good work!
3,Anurag Parida,anurag@gmail.com,anurag@gmail.com,rparida@gmail.com,Spanish,3,2,3,1,2,3,2,Your Spanish language fluency is impressive but room for improvement in completion and participation; keep up the good work and stay dedicated to honing your skills!
3,Anurag Parida,anurag@gmail.com,anurag@gmail.com,pandeychirag2@gmail.com,Chinese,3,2,3,2,3,3,2,Your dedication and engagement in learning Chinese are commendable showing strong accuracy and fluency; however room for improvement in participation and completion of tasks keep up the good work!
3,Anurag Parida,anurag@gmail.com,anurag@gmail.com,sheikm@gmail.com,Russian,2,3,1,3,2,3,3,Your active participation and engagement in Russian are commendable but  room for improvement in accuracy and completion of tasks keep up the good work!
4,Aarav Singh,singhaa@gmail.com,singhaa@gmail.com,rparida@gmail.com,spanish,3,2,3,2,2,3,2,Your dedication and accuracy in grasping spanish concepts are commendable with good participation and effort; however  room for improvement in completion and fluency keep up the good work!
4,Aarav Singh,singhaa@gmail.com,singhaa@gmail.com,rohan_verma@yahoo.com,Chinese,3,2,3,2,3,3,2,Your dedication and engagement in learning Chinese are commendable showing strong accuracy and fluency; however room for improvement in participation and completion of tasks keep up the good work!
4,Aarav Singh,singhaa@gmail.com,singhaa@gmail.com,aggrshy@yahoo.com,Russian,2,3,2,3,2,2,2,Your active participation in the Russian language class and completion of tasks is commendable although room for improvement in accuracy and fluency keep up the good effort!
5,Priya Patel,priyapatel@gmail.com,priyapatel@gmail.com,guptar@gmail.com,Arabic,3,1,2,3,3,2,3,Your dedication and effort in learning Arabic are commendable with excellent concept understanding and completion of tasks; although  room for improvement in participation and accuracy keep up the good work!
5,Priya Patel,priyapatel@gmail.com,priyapatel@gmail.com,pandeychirag2@gmail.com,Chinese,3,2,3,2,3,3,2,Your dedication and engagement in learning Chinese are commendable showing strong accuracy and fluency; however room for improvement in participation and completion of tasks keep up the good work!
5,Priya Patel,priyapatel@gmail.com,priyapatel@gmail.com,pandeychirag2@gmail.com,Russian,3,2,3,2,3,2,3,Your dedication and effort in learning Russian are commendable with strong accuracy and completion of tasks; however  room for improvement in participation and engagement keep up the good work!
6,Aarav Aggarwal,aaravaggr@yahoo.com,aaravaggr@yahoo.com,rparida@gmail.com,spanish,3,2,3,2,2,3,2,Your accuracy and fluency in spanish are commendable with good conceptual understanding and engagement; however a bit more effort in participation and completion could enhance your learning experience. Keep up the good work!
6,Aarav Aggarwal,aaravaggr@yahoo.com,aaravaggr@yahoo.com,guptar@gmail.com,Chinese,3,2,3,2,3,3,2,Your dedication and engagement in learning Chinese are commendable showing strong accuracy and fluency; however room for improvement in participation and completion of tasks keep up the good work!
6,Aarav Aggarwal,aaravaggr@yahoo.com,aaravaggr@yahoo.com,aggrshy@yahoo.com,Russian,3,2,3,2,3,2,3,Your dedication and effort in learning Russian are commendable with strong accuracy and completion of tasks; however  room for improvement in participation and engagement keep up the good work!
7,Sujata Sharma,suj123@gmail.com,suj123@gmail.com,rparida@gmail.com,spanish,3,2,3,2,2,3,2,Your accuracy and fluency in spanish are commendable with good conceptual understanding and engagement; however a bit more effort in participation and completion could enhance your learning experience. Keep up the good work!
7,Sujata Sharma,suj123@gmail.com,suj123@gmail.com,rohan_verma@yahoo.com,Chinese,3,2,3,2,3,3,2,Your dedication and engagement in learning Chinese are commendable showing strong accuracy and fluency; however room for improvement in participation and completion of tasks keep up the good work!
7,Sujata Sharma,suj123@gmail.com,suj123@gmail.com,amansh45@gmail.com,Russian,3,2,3,2,3,2,3,Your dedication and effort in learning Russian are commendable with strong accuracy and completion of tasks; however  room for improvement in participation and engagement keep up the good work!
8,Simran Kaur,simrankaur@gmail.com,simrankaur@gmail.com,amansh45@gmail.com,Hindi,3,2,3,3,2,3,2,The student shows strong conceptual understanding and accuracy in Hindi with commendable effort and engagement; however  room for improvement in participation and fluency keep up the good work!
8,Simran Kaur,simrankaur@gmail.com,simrankaur@gmail.com,rparida@gmail.com,spanish,3,2,3,2,2,3,2,Your accuracy and fluency in spanish are commendable with good conceptual understanding and engagement; however a bit more effort in participation and completion could enhance your learning experience. Keep up the good work!
8,Simran Kaur,simrankaur@gmail.com,simrankaur@gmail.com,guptar@gmail.com,Chinese,3,2,3,2,3,3,2,Your dedication and engagement in learning Chinese are commendable showing strong accuracy and fluency; however room for improvement in participation and completion of tasks keep up the good work!
9,Aashi Shah,aashi.shah89@yahoo.com,aashi.shah89@yahoo.com,sheikm@gmail.com,Arabic,3,1,2,3,3,2,3,Your dedication and effort in learning Arabic are commendable with excellent concept understanding and completion of tasks; although  room for improvement in participation and accuracy keep up the good work!
9,Aashi Shah,aashi.shah89@yahoo.com,aashi.shah89@yahoo.com,sheikm@gmail.com,Hindi,3,2,3,3,2,3,2,The student shows strong conceptual understanding and accuracy in Hindi with commendable effort and engagement; however  room for improvement in participation and fluency keep up the good work!
9,Aashi Shah,aashi.shah89@yahoo.com,aashi.shah89@yahoo.com,rparida@gmail.com,spanish,3,2,3,3,1,2,3,Your accuracy and completion of tasks in spanish are commendable although is room for improvement in participation and effort keep up the good work!
10,Ayushi Verma,ayushi123@yahoo.com,ayushi123@yahoo.com,aggrshy@yahoo.com,Russian,2,3,1,3,2,3,3,Your active participation and engagement in Russian are commendable but  room for improvement in accuracy and completion of tasks keep up the good work!
10,Ayushi Verma,ayushi123@yahoo.com,ayushi123@yahoo.com,sheikm@gmail.com,English,3,2,3,3,2,3,2,Your accuracy and completion of tasks in English are commendableshowing dedication and effort; however  room for improvement in participation and fluencykeep up the good work!
10,Ayushi Verma,ayushi123@yahoo.com,ayushi123@yahoo.com,rparida@gmail.com,spanish,3,2,3,2,2,3,2,Your accuracy and fluency in spanish are commendable with good conceptual understanding and engagement; however a bit more effort in participation and completion could enhance your learning experience. Keep up the good work!
11,Priya Sharma,priya@yahoo.com,priya@yahoo.com,amansh45@gmail.com,Russian,2,3,1,3,2,3,3,Your active participation and engagement in Russian are commendable but  room for improvement in accuracy and completion of tasks keep up the good work!
11,Priya Sharma,priya@yahoo.com,priya@yahoo.com,sinham@yahoo.com,Korean,3,2,3,1,3,2,3,Your dedication and completion of tasks in learning Korean are commendable but  is room for improvement in accuracy and fluency keep up the good work!
12,Aarav Dixit,aaravdixit@gmail.com,aaravdixit@gmail.com,rparida@gmail.com,spanish,3,2,3,2,2,3,2,Your accuracy and fluency in spanish are commendable with good conceptual understanding and engagement; however a bit more effort in participation and completion could enhance your learning experience. Keep up the good work!
12,Aarav Dixit,aaravdixit@gmail.com,aaravdixit@gmail.com,pandeychirag2@gmail.com,Chinese,3,2,3,2,3,3,2,Your dedication and engagement in learning Chinese are commendable showing strong accuracy and fluency; however room for improvement in participation and completion of tasks keep up the good work!
12,Aarav Dixit,aaravdixit@gmail.com,aaravdixit@gmail.com,pandeychirag2@gmail.com,Russian,2,3,1,3,2,3,3,Your active participation and engagement in Russian are commendable but  room for improvement in accuracy and completion of tasks keep up the good work!
13,Ananya Sharma,sharmaananya@yahoo.com,sharmaananya@yahoo.com,rparida@gmail.com,spanish,3,2,3,2,2,3,2,Your accuracy and fluency in spanish are commendable with good conceptual understanding and engagement; however a bit more effort in participation and completion could enhance your learning experience. Keep up the good work!
13,Ananya Sharma,sharmaananya@yahoo.com,sharmaananya@yahoo.com,aggrshy@yahoo.com,Russian,2,3,1,3,2,3,3,Your active participation and engagement in Russian are commendable but  room for improvement in accuracy and completion of tasks keep up the good work!
14,Simmi Mehta,simmimehta@gmail.com,simmimehta@gmail.com,sheikm@gmail.com,Arabic,3,1,2,3,3,2,3,Your dedication and effort in learning Arabic are commendable with excellent concept understanding and completion of tasks; although  room for improvement in participation and accuracy keep up the good work!
14,Simmi Mehta,simmimehta@gmail.com,simmimehta@gmail.com,amansh45@gmail.com,Russian,2,3,1,3,2,3,3,Your active participation and engagement in Russian are commendable but  room for improvement in accuracy and completion of tasks keep up the good work!
14,Simmi Mehta,simmimehta@gmail.com,simmimehta@gmail.com,guptar@gmail.com,Chinese,3,2,3,2,3,3,2,Your dedication and engagement in learning Chinese are commendable showing strong accuracy and fluency; however room for improvement in participation and completion of tasks keep up the good work!
15,Saswati Parida,saswati@gmail.com,saswati@gmail.com,sheikm@gmail.com,Arabic,2,2,3,3,2,3,2,Your effort and engagement in learning arabic are commendablewith strong accuracy and completion of tasks; however  room for improvement in conceptual understanding and participation keep up the good work!
15,Saswati Parida,saswati@gmail.com,saswati@gmail.com,guptar@gmail.com,Chinese,3,2,3,2,3,3,2,Your dedication and engagement in learning Chinese are commendable showing strong accuracy and fluency; however room for improvement in participation and completion of tasks keep up the good work!
15,Saswati Parida,saswati@gmail.com,saswati@gmail.com,rparida@gmail.com,spanish,3,2,3,2,2,3,2,Your accuracy and fluency in spanish are commendable with good conceptual understanding and engagement; however a bit more effort in participation and completion could enhance your learning experience. Keep up the good work!
16,Aisha Patel,aisha@gmail.com,aisha@gmail.com,amansh45@gmail.com,Arabic,3,1,2,3,3,2,3,Your dedication and effort in learning Arabic are commendable with excellent concept understanding and completion of tasks; although  room for improvement in participation and accuracy keep up the good work!
16,Aisha Patel,aisha@gmail.com,aisha@gmail.com,rohan_verma@yahoo.com,Chinese,3,2,3,2,3,3,2,Your dedication and engagement in learning Chinese are commendable showing strong accuracy and fluency; however room for improvement in participation and completion of tasks keep up the good work!
16,Aisha Patel,aisha@gmail.com,aisha@gmail.com,amansh45@gmail.com,Russian,3,2,3,3,2,3,2,Your accuracy and completion of Russian tasks are commendable but  room for improvement in participation and fluency; keep up the good work!
17,Keti Paul,paul@yahoo.com,paul@yahoo.com,aggrshy@yahoo.com,Russian,2,3,1,3,2,3,3,Your active participation and engagement in Russian are commendable but  room for improvement in accuracy and completion of tasks keep up the good work!
17,Keti Paul,paul@yahoo.com,paul@yahoo.com,khullarswati@gmail.com,Japanese,3,2,3,2,2,3,3,Your overall effort and dedication in learning Japanese are highly commendable with strong accuracy and engagement. however  room for improvement in participation and completion of tasks keep up the good work!
18,Elina Dcrouze,dcrouze@gmail.com,dcrouze@gmail.com,rparida@gmail.com,spanish,3,2,3,2,3,3,2,Your accuracy and effort in learning spanish are commendable with strong conceptual understanding and engagement; however  room for improvement in fluency and completion of tasks keep up the good work!
18,Elina Dcrouze,dcrouze@gmail.com,dcrouze@gmail.com,rparida@gmail.com,English,3,2,3,3,2,3,2,Your dedication and completion of tasks in English are commendable with strong accuracy and effort; however room for improvement in conceptual understanding and fluency keep up the good work!
18,Elina Dcrouze,dcrouze@gmail.com,dcrouze@gmail.com,amansh45@gmail.com,Russian,2,3,1,3,2,3,3,Your active participation and engagement in Russian are commendable but  room for improvement in accuracy and completion of tasks keep up the good work!
19,Shurti Sinha,sinhap@gmail.com,sinhap@gmail.com,aggrshy@yahoo.com,spanish,3,2,3,2,2,3,2,Your accuracy and fluency in spanish are commendable with good conceptual understanding and engagement; however a bit more effort in participation and completion could enhance your learning experience. Keep up the good work!
19,Shurti Sinha,sinhap@gmail.com,sinhap@gmail.com,sheikm@gmail.com,Arabic,3,1,2,3,3,2,3,Your dedication and effort in learning Arabic are commendable with excellent concept understanding and completion of tasks; although  room for improvement in participation and accuracy keep up the good work!
19,Shurti Sinha,sinhap@gmail.com,sinhap@gmail.com,aggrshy@yahoo.com,Russian,2,3,2,3,2,2,3,Your active participation and effort in learning Russian are commendable with strong engagement and completion of tasks; however room for improvement in accuracy and fluency keep up the good work!
20,Priya Rana,priya.rana@yahoo.com,priya.rana@yahoo.com,rparida@gmail.com,spanish,3,2,3,3,2,3,2,Your accuracy and completion of spanish tasks are commendable although  room for improvement in participation and fluency keep up the good work!
20,Priya Rana,priya.rana@yahoo.com,priya.rana@yahoo.com,guptar@gmail.com,Arabic,2,2,3,3,2,3,2,Your effort and engagement in learning arabic are commendablewith strong accuracy and completion of tasks; however  room for improvement in conceptual understanding and participation keep up the good work!
20,Priya Rana,priya.rana@yahoo.com,priya.rana@yahoo.com,amansh45@gmail.com,Russian,3,2,3,3,2,3,2,Your understanding of Russian concepts is strong with commendable accuracy and completion; however focusing a bit more on participation and fluency could further enhance your learning experience. Keep up the good work!
21,Aisha Khan,khan.aisha@yahoo.com,khan.aisha@yahoo.com,sheikm@gmail.com,Arabic,2,2,3,3,2,3,2,Your effort and engagement in learning arabic are commendablewith strong accuracy and completion of tasks; however  room for improvement in conceptual understanding and participation keep up the good work!
21,Aisha Khan,khan.aisha@yahoo.com,khan.aisha@yahoo.com,pandeychirag2@gmail.com,Russian,2,3,1,3,2,3,3,Your active participation and engagement in Russian are commendable but  room for improvement in accuracy and completion of tasks keep up the good work!
21,Aisha Khan,khan.aisha@yahoo.com,khan.aisha@yahoo.com,rohan_verma@yahoo.com,Chinese,3,2,3,2,3,3,2,Your dedication and engagement in learning Chinese are commendable showing strong accuracy and fluency; however room for improvement in participation and completion of tasks keep up the good work!
22,Aarav Singh,singh_aarav@yahoo.com,singh_aarav@yahoo.com,aggrshy@yahoo.com,spanish,3,2,3,3,1,2,3,Your accuracy and completion of tasks in spanish are commendable although is room for improvement in participation and effort keep up the good work!
22,Aarav Singh,singh_aarav@yahoo.com,singh_aarav@yahoo.com,guptar@gmail.com,Arabic,2,2,3,3,2,3,2,Your effort and engagement in learning arabic are commendablewith strong accuracy and completion of tasks; however  room for improvement in conceptual understanding and participation keep up the good work!
22,Aarav Singh,singh_aarav@yahoo.com,singh_aarav@yahoo.com,pandeychirag2@gmail.com,Chinese,3,2,3,2,3,3,2,Your dedication and engagement in learning Chinese are commendable showing strong accuracy and fluency; however room for improvement in participation and completion of tasks keep up the good work!
23,Priya Patel,priya12345@gmail.com,priya12345@gmail.com,pandeychirag2@gmail.com,Chinese,3,2,3,2,3,3,2,Your dedication and engagement in learning Chinese are commendable showing strong accuracy and fluency; however room for improvement in participation and completion of tasks keep up the good work!
23,Priya Patel,priya12345@gmail.com,priya12345@gmail.com,amansh45@gmail.com,Russian,2,1,3,2,2,3,2,Your dedication and engagement in learning Russian are commendable although  is room for improvement in accuracy and participation; keep up the good work!
23,Priya Patel,priya12345@gmail.com,priya12345@gmail.com,khullarswati@gmail.com,Hindi,3,2,3,2,1,3,2,Your effort and accuracy in learning Hindi concepts are commendable however  room for improvement in completion and engagement keep up the good work!
24,Alisha Patel,alisha@yahoo.com,alisha@yahoo.com,aggrshy@yahoo.com,Russian,3,1,2,3,2,3,3,Your strong conceptual understanding and dedication to learning Russian are evident but is room for improvement in accuracy and participation; keep up the good work and stay engaged!
24,Alisha Patel,alisha@yahoo.com,alisha@yahoo.com,guptar@gmail.com,Arabic,2,2,3,3,2,3,2,Your effort and engagement in learning arabic are commendablewith strong accuracy and completion of tasks; however  room for improvement in conceptual understanding and participation keep up the good work!
24,Alisha Patel,alisha@yahoo.com,alisha@yahoo.com,rohan_verma@yahoo.com,Chinese,3,2,3,2,3,3,2,Your dedication and engagement in learning Chinese are commendable showing strong accuracy and fluency; however room for improvement in participation and completion of tasks keep up the good work!
25,Kriti Khabar,kkriti@yahoo.com,kkriti@yahoo.com,aggrshy@yahoo.com,spanish,3,2,3,2,2,3,2,Your accuracy and fluency in spanish are commendable with good conceptual understanding and engagement; however a bit more effort in participation and completion could enhance your learning experience. Keep up the good work!
25,Kriti Khabar,kkriti@yahoo.com,kkriti@yahoo.com,aggrshy@yahoo.com,Russian,3,1,2,3,2,3,3,Your strong conceptual understanding and dedication to learning Russian are evident but is room for improvement in accuracy and participation; keep up the good work and stay engaged!
25,Kriti Khabar,kkriti@yahoo.com,kkriti@yahoo.com,rparida@gmail.com,English,3,2,3,3,2,3,2,Your accuracy and completion of tasks in English are commendabe with a good grasp of conceptual understanding; however putting in a bit more effort and engagement could enhance your overall learning experience. Keep up the good work!
26,Priya Singh,priyasingh@yahoo.com,priyasingh@yahoo.com,rparida@gmail.com,spanish,3,2,3,3,1,2,3,Your accuracy and completion of tasks in spanish are commendable although is room for improvement in participation and effort keep up the good work!
26,Priya Singh,priyasingh@yahoo.com,priyasingh@yahoo.com,pandeychirag2@gmail.com,Russian,2,3,1,3,2,3,3,Your active participation and engagement in Russian are commendable but  room for improvement in accuracy and completion of tasks keep up the good work!
26,Priya Singh,priyasingh@yahoo.com,priyasingh@yahoo.com,khullarswati@gmail.com,Hindi,3,2,3,2,1,3,2,Your effort and accuracy in learning Hindi concepts are commendable however  room for improvement in completion and engagement keep up the good work!
26,Priya Singh,priyasingh@yahoo.com,priyasingh@yahoo.com,aggrshy@yahoo.com,spanish,3,2,3,3,1,2,3,Your accuracy and completion of tasks in spanish are commendable although is room for improvement in participation and effort keep up the good work!
26,Priya Singh,priyasingh@yahoo.com,priyasingh@yahoo.com,guptar@gmail.com,Arabic,2,2,3,3,2,3,2,Your effort and engagement in learning arabic are commendablewith strong accuracy and completion of tasks; however  room for improvement in conceptual understanding and participation keep up the good work!
26,Priya Singh,priyasingh@yahoo.com,priyasingh@yahoo.com,rohan_verma@yahoo.com,Chinese,3,2,3,2,3,3,2,Your dedication and engagement in learning Chinese are commendable showing strong accuracy and fluency; however room for improvement in participation and completion of tasks keep up the good work!
31,Priya Singh,priyasingh@yahoo.com,priyasingh@yahoo.com,rparida@gmail.com,spanish,3,2,3,3,1,2,3,Your accuracy and completion of tasks in spanish are commendable although is room for improvement in participation and effort keep up the good work!
31,Priya Singh,priyasingh@yahoo.com,priyasingh@yahoo.com,pandeychirag2@gmail.com,Russian,2,3,1,3,2,3,3,Your active participation and engagement in Russian are commendable but  room for improvement in accuracy and completion of tasks keep up the good work!
31,Priya Singh,priyasingh@yahoo.com,priyasingh@yahoo.com,khullarswati@gmail.com,Hindi,3,2,3,2,1,3,2,Your effort and accuracy in learning Hindi concepts are commendable however  room for improvement in completion and engagement keep up the good work!
31,Priya Singh,priyasingh@yahoo.com,priyasingh@yahoo.com,aggrshy@yahoo.com,spanish,3,2,3,3,1,2,3,Your accuracy and completion of tasks in spanish are commendable although is room for improvement in participation and effort keep up the good work!
31,Priya Singh,priyasingh@yahoo.com,priyasingh@yahoo.com,guptar@gmail.com,Arabic,2,2,3,3,2,3,2,Your effort and engagement in learning arabic are commendablewith strong accuracy and completion of tasks; however  room for improvement in conceptual understanding and participation keep up the good work!
31,Priya Singh,priyasingh@yahoo.com,priyasingh@yahoo.com,rohan_verma@yahoo.com,Chinese,3,2,3,2,3,3,2,Your dedication and engagement in learning Chinese are commendable showing strong accuracy and fluency; however room for improvement in participation and completion of tasks keep up the good work!
27,Priya Sharma,priyas@gmail.com,priyas@gmail.com,rparida@gmail.com,spanish,3,2,3,3,2,3,2,Your accuracy and completion of spanish tasks are commendable with a solid understanding of concepts and high engagement; however a bit more effort in participation and fluency would enhance your overall progress. Keep up the good work!
27,Priya Sharma,priyas@gmail.com,priyas@gmail.com,sinham@yahoo.com,Korean,3,2,3,1,3,2,3,Your dedication and completion of tasks in learning Korean are commendable but  is room for improvement in accuracy and fluency keep up the good work!
30,Priya Sharma,priyasharma@gmail.com,priyasharma@gmail.com,pandeychirag2@gmail.com,Chinese,3,2,3,2,3,3,2,Your dedication and engagement in learning Chinese are commendable showing strong accuracy and fluency; however room for improvement in participation and completion of tasks keep up the good work!
30,Priya Sharma,priyasharma@gmail.com,priyasharma@gmail.com,amansh45@gmail.com,Russian,2,2,3,2,3,3,2,Your effort and engagement in learning Russian are evident with good accuracy and fluency; however focusing on conceptual understanding and participation could enhance your overall progress. Keep up the good work!
30,Priya Sharma,priyasharma@gmail.com,priyasharma@gmail.com,rparida@gmail.com,spanish,3,2,3,3,1,2,3,Your accuracy and completion of tasks in spanish are commendable although is room for improvement in participation and effort keep up the good work!
30,Priya Sharma,priyasharma@gmail.com,priyasharma@gmail.com,amansh45@gmail.com,Russian,3,2,3,2,2,3,3,Your effort and engagement in learning Russian are commendable with good understanding and accuracy; however focusing more on participation and fluency will enhance your overall progress. Keep up the good work!
30,Priya Sharma,priyasharma@gmail.com,priyasharma@gmail.com,rinku123@gmail.com,German,3,3,2,3,3,2,3,Your engagement and participation in learning German are exceptional with strong conceptual understanding and completion of tasks; howeverfocusing on accuracy and fluency will further enhance your language proficiency keep up the good work!
30,Priya Sharma,priyasharma@gmail.com,priyasharma@gmail.com,rohan_verma@yahoo.com,Japanese,3,2,3,1,2,3,2,Your dedication and engagement with Japanese concepts are commendablealthough  is a need for improvement in task completion and fluency; keep up the good work!
48,Priya Sharma,priyasharma@gmail.com,priyasharma@gmail.com,pandeychirag2@gmail.com,Chinese,3,2,3,2,3,3,2,Your dedication and engagement in learning Chinese are commendable showing strong accuracy and fluency; however room for improvement in participation and completion of tasks keep up the good work!
48,Priya Sharma,priyasharma@gmail.com,priyasharma@gmail.com,amansh45@gmail.com,Russian,2,2,3,2,3,3,2,Your effort and engagement in learning Russian are evident with good accuracy and fluency; however focusing on conceptual understanding and participation could enhance your overall progress. Keep up the good work!
48,Priya Sharma,priyasharma@gmail.com,priyasharma@gmail.com,rparida@gmail.com,spanish,3,2,3,3,1,2,3,Your accuracy and completion of tasks in spanish are commendable although is room for improvement in participation and effort keep up the good work!
48,Priya Sharma,priyasharma@gmail.com,priyasharma@gmail.com,amansh45@gmail.com,Russian,3,2,3,2,2,3,3,Your effort and engagement in learning Russian are commendable with good understanding and accuracy; however focusing more on participation and fluency will enhance your overall progress. Keep up the good work!
48,Priya Sharma,priyasharma@gmail.com,priyasharma@gmail.com,rinku123@gmail.com,German,3,3,2,3,3,2,3,Your engagement and participation in learning German are exceptional with strong conceptual understanding and completion of tasks; howeverfocusing on accuracy and fluency will further enhance your language proficiency keep up the good work!
48,Priya Sharma,priyasharma@gmail.com,priyasharma@gmail.com,rohan_verma@yahoo.com,Japanese,3,2,3,1,2,3,2,Your dedication and engagement with Japanese concepts are commendablealthough  is a need for improvement in task completion and fluency; keep up the good work!
32,Alisha Patel,alishapatel@gmail.com,alishapatel@gmail.com,aggrshy@yahoo.com,Spanish,3,2,3,3,1,2,3,Your accuracy and completion of tasks in spanish are commendable although is room for improvement in participation and effort keep up the good work!
32,Alisha Patel,alishapatel@gmail.com,alishapatel@gmail.com,sharma@amansh45@gmail.com,Hindi,2,3,2,3,1,2,2,Your participation and effort in learning Hindi are commendable with strong engagement and completion of tasks; however  room for improvement in accuracy and fluency keep up the good work!
32,Alisha Patel,alishapatel@gmail.com,alishapatel@gmail.com,khullarswati@gmail.com,Japanese,2,2,3,2,3,3,2,Your effort and engagement in learning Japanese are commendable with good accuracy and fluency; however  room for improvement in conceptual understanding and participationkeep up the good work!
33,Aarav Verma,aaravv@gmail.com,aaravv@gmail.com,aggrshy@yahoo.com,spanish,3,2,3,2,2,3,2,Your accuracy and fluency in spanish are impressive but working on participation and completion could further enhance your overall learning experience. Keep up the good work!
33,Aarav Verma,aaravv@gmail.com,aaravv@gmail.com,pandeychirag2@gmail.com,Russian,3,1,2,3,2,3,3,Your dedication and engagement in learning Russian are commendable with strong conceptual understanding and completion of tasks; however room for improvement in accuracy and participation keep up the good work!
34,Neha Patel,neha.patel@gmail.com,neha.patel@gmail.com,rinku123@gmail.com,German,3,3,2,3,3,2,3,Your engagement and participation in learning Italian are exceptional with strong conceptual understanding and completion of tasks; howeverfocusing on accuracy and fluency will further enhance your language proficiency keep up the good work!
34,Neha Patel,neha.patel@gmail.com,neha.patel@gmail.com,pandeychirag2@gmail.com,Chinese,3,2,3,2,3,3,2,Your dedication and engagement in learning Chinese are commendable showing strong accuracy and fluency; however room for improvement in participation and completion of tasks keep up the good work!
34,Neha Patel,neha.patel@gmail.com,neha.patel@gmail.com,khullarswati@gmail.com,Japanese,3,2,3,3,2,3,2,Your effort and accuracy in learning Japanese are commendable with solid conceptual understanding and engagement; however  room for improvement in participation and fluency keep up the good work!
35,Ananya Sharma,ananya.sharma@yahoo.com,ananya.sharma@yahoo.com,sheikm@gmail.com,Arabic,3,1,2,3,3,2,3,Your dedication and effort in learning Arabic are commendable with excellent concept understanding and completion of tasks; although  room for improvement in participation and accuracy keep up the good work!
35,Ananya Sharma,ananya.sharma@yahoo.com,ananya.sharma@yahoo.com,rohan_verma@yahoo.com,Chinese,3,2,3,2,3,3,2,Your dedication and engagement in learning Chinese are commendable showing strong accuracy and fluency; however room for improvement in participation and completion of tasks keep up the good work!
35,Ananya Sharma,ananya.sharma@yahoo.com,ananya.sharma@yahoo.com,aggrshy@yahoo.com,Russian,2,3,1,3,2,3,3,Your active participation and engagement in Russian are commendable but  room for improvement in accuracy and completion of tasks keep up the good work!
36,Aryan Patel,patelaryan@yahoo.com,patelaryan@yahoo.com,guptar@gmail.com,Arabic,3,1,2,3,3,2,3,Your dedication and effort in learning Arabic are commendable with excellent concept understanding and completion of tasks; although  room for improvement in participation and accuracy keep up the good work!
36,Aryan Patel,patelaryan@yahoo.com,patelaryan@yahoo.com,rohan_verma@yahoo.com,Chinese,3,2,3,2,3,3,2,Your dedication and engagement in learning Chinese are commendable showing strong accuracy and fluency; however room for improvement in participation and completion of tasks keep up the good work!
36,Aryan Patel,patelaryan@yahoo.com,patelaryan@yahoo.com,pandeychirag2@gmail.com,Russian,2,1,2,3,2,3,2,Your effort and engagement in learning Russian are commendable but  is room for improvement in accuracy and participation keep up the good work!
37,Veena Sharma,veenasharma@gmail.com,veenasharma@gmail.com,rparida@gmail.com,spanish,3,2,3,3,2,3,2,Your accuracy and completion of tasks in spanish are outstanding and your dedication and engagement with the language are commendable; howevers room for improvement in participation and fluency keep up the good work!
37,Veena Sharma,veenasharma@gmail.com,veenasharma@gmail.com,guptar@gmail.com,Arabic,3,1,2,3,3,2,3,Your dedication and effort in learning Arabic are commendable with excellent concept understanding and completion of tasks; although  room for improvement in participation and accuracy keep up the good work!
37,Veena Sharma,veenasharma@gmail.com,veenasharma@gmail.com,aggrshy@yahoo.com,Russian,3,2,3,3,2,3,2,Your accuracy and completion of Russian tasks are commendable but  room for improvement in conceptual understanding and engagementkeep up the good work!
38,Yash Pandye,pandeyyash@gmail.com,pandeyyash@gmail.com,rparida@gmail.com,spanish,3,2,3,3,1,3,2,Your accuracy and fluency in spanish are praiseworthy although a bit more effort in completion and engagement could further enhance your learning progress. Keep up the good work!
38,Yash Pandye,pandeyyash@gmail.com,pandeyyash@gmail.com,amansh45@gmail.com,Arabic,3,2,3,2,1,3,2,Your dedication and accuracy in Arabic language learning are commendable but focusing a bit more on completion and engagement could enhance your overall learning experience. Keep up the good work!
38,Yash Pandye,pandeyyash@gmail.com,pandeyyash@gmail.com,pandeychirag2@gmail.com,Russian,3,2,3,3,2,3,2,Your accuracy and completion of Russian tasks are commendable but  room for improvement in conceptual understanding and engagementkeep up the good work!
39,Neha Singh,neha_singh@yahoo.com,neha_singh@yahoo.com,sheikm@gmail.com,Arabic,3,1,2,3,3,2,3,Your dedication and effort in learning Arabic are commendable with excellent concept understanding and completion of tasks; although  room for improvement in participation and accuracy keep up the good work!
39,Neha Singh,neha_singh@yahoo.com,neha_singh@yahoo.com,aggrshy@yahoo.com,Russian,3,2,3,3,2,3,2,Your accuracy and completion of Russian tasks are commendable but  room for improvement in conceptual understanding and engagementkeep up the good work!
39,Neha Singh,neha_singh@yahoo.com,neha_singh@yahoo.com,rohan_verma@yahoo.com,Chinese,3,2,3,2,3,3,2,Your dedication and engagement in learning Chinese are commendable showing strong accuracy and fluency; however room for improvement in participation and completion of tasks keep up the good work!
40,Raghu Mohan,mohanr@yahoo.com,mohanr@yahoo.com,rparida@gmail.com,spanish,3,2,3,3,2,3,2,Your accuracy and completion of tasks in spanish are outstanding but is room for improvement in participation and fluency; keep up the good work with your dedication and effort!
40,Raghu Mohan,mohanr@yahoo.com,mohanr@yahoo.com,guptar@gmail.com,Arabic,3,1,2,3,3,2,3,Your dedication and effort in learning Arabic are commendable with excellent concept understanding and completion of tasks; although  room for improvement in participation and accuracy keep up the good work!
40,Raghu Mohan,mohanr@yahoo.com,mohanr@yahoo.com,rohan_verma@yahoo.com,Chinese,3,2,3,2,3,3,2,Your dedication and engagement in learning Chinese are commendable showing strong accuracy and fluency; however room for improvement in participation and completion of tasks keep up the good work!
41,Alia Bhatt,aliabhatt@yahoo.com,aliabhatt@yahoo.com,rparida@gmail.com,spanish,3,2,3,2,2,3,2,Your accuracy and fluency in spanish are commendable with good conceptual understanding and engagement; however a bit more effort in participation and completion could enhance your learning experience. Keep up the good work!
41,Alia Bhatt,aliabhatt@yahoo.com,aliabhatt@yahoo.com,amansh45@gmail.com,Russian,3,2,2,3,2,3,3,Your engagement and effort in learning Russian are impressive with notable concept understanding and completion of tasks; however room for improvement in fluency and accuracy keep up the good work!
41,Alia Bhatt,aliabhatt@yahoo.com,aliabhatt@yahoo.com,guptar@gmail.com,Arabic,3,1,2,3,3,2,3,Your dedication and effort in learning Arabic are commendable with excellent concept understanding and completion of tasks; although  room for improvement in participation and accuracy keep up the good work!
41,Alia Bhatt,aliabhatt@yahoo.com,aliabhatt@yahoo.com,sinham@yahoo.com,English,3,2,3,3,2,3,2,Your accuracy and completion of tasks in English are commendableshowing dedication and effort; however  room for improvement in participation and fluencykeep up the good work!
42,Aarav Sharma,aaravsharma@gmail.com,aaravsharma@gmail.com,rparida@gmail.com,spanish,3,2,3,3,3,2,2,Your consistent effort and completion of tasks in spanish are commendable while your accuracy and conceptual understanding deserve a bit more attention; keep up the good work in maintaining high engagement and fluency!
42,Aarav Sharma,aaravsharma@gmail.com,aaravsharma@gmail.com,amansh45@gmail.com,Russian,2,1,2,3,2,3,2,Your effort and engagement in learning Russian are commendable but  is room for improvement in accuracy and participation keep up the good work!
42,Aarav Sharma,aaravsharma@gmail.com,aaravsharma@gmail.com,rohan_verma@yahoo.com,Chinese,3,2,3,2,3,3,2,Your dedication and engagement in learning Chinese are commendable showing strong accuracy and fluency; however room for improvement in participation and completion of tasks keep up the good work!
43,Aarav Mehta,aaravm@yahoo.com,aaravm@yahoo.com,aggrshy@yahoo.com,Russian,3,2,3,2,3,2,3,Your dedication and effort in learning Russian are commendable with strong accuracy and completion of tasks; however  room for improvement in participation and engagement keep up the good work!
43,Aarav Mehta,aaravm@yahoo.com,aaravm@yahoo.com,khullarswati@gmail.com,Japanese,2,1,3,2,3,2,3,Your dedication and completion of Japanese tasks are commendable but  room for improvement in participation and accuracy; keep up the good work!
43,Aarav Mehta,aaravm@yahoo.com,aaravm@yahoo.com,rohan_verma@yahoo.com,Chinese,2,3,2,2,3,3,2,Your active participation in Chinese class is commendable with strong effort and engagement; however focusing a bit more on accuracy and completion could enhance your learning experience. Keep up the good work!
44,Ranbir Panda,pandarr@yahoo.com,pandarr@yahoo.com,sinham@yahoo.com,English,3,2,3,3,2,3,2,Your accuracy and completion of tasks in English are commendableshowing dedication and effort; however  room for improvement in participation and fluencykeep up the good work!
44,Ranbir Panda,pandarr@yahoo.com,pandarr@yahoo.com,pandeychirag2@gmail.com,Chinese,3,2,3,2,3,3,2,Your dedication and engagement in learning Chinese are commendable showing strong accuracy and fluency; however room for improvement in participation and completion of tasks keep up the good work!
44,Ranbir Panda,pandarr@yahoo.com,pandarr@yahoo.com,amansh45@gmail.com,Russian,2,3,1,3,2,3,3,Your active participation and engagement in Russian are commendable but  room for improvement in accuracy and completion of tasks keep up the good work!
45,Priya Dixit,priya12@gmail.com,priya12@gmail.com,rparida@gmail.com,spanish,3,2,3,2,3,3,2,Your accuracy and effort in learning spanish are commendable yet is room for improvement in participation and fluency; keep up the good work!
45,Priya Dixit,priya12@gmail.com,priya12@gmail.com,amansh45@gmail.com,Arabic,3,1,2,3,3,2,3,Your dedication and effort in learning Arabic are commendable with excellent concept understanding and completion of tasks; although  room for improvement in participation and accuracy keep up the good work!
45,Priya Dixit,priya12@gmail.com,priya12@gmail.com,sinham@yahoo.com,English,3,2,3,3,2,3,2,Your accuracy and completion of tasks in English are commendableshowing dedication and effort; however  room for improvement in participation and fluencykeep up the good work!
46,Riya Dubey,driya123@yahoo.com,driya123@yahoo.com,rparida@gmail.com,spanish,3,2,3,3,3,2,2,Your consistent effort and completion of tasks in spanish are commendable while your accuracy and conceptual understanding deserve a bit more attention; keep up the good work in maintaining high engagement and fluency!
46,Riya Dubey,driya123@yahoo.com,driya123@yahoo.com,sheikm@gmail.com,Arabic,3,1,2,3,3,2,3,Your dedication and effort in learning Arabic are commendable with excellent concept understanding and completion of tasks; although  room for improvement in participation and accuracy keep up the good work!
46,Riya Dubey,driya123@yahoo.com,driya123@yahoo.com,pandeychirag2@gmail.com,Chinese,3,2,3,3,3,2,2,Your dedication and accuracy in learning Chinese are commendable with strong completion of tasks although room for improvement in participation and fluency keep up the good work!
47,Reena Gupta,reenagupta@yahoo.com,reenagupta@yahoo.com,rparida@gmail.com,spanish,3,2,3,3,2,3,2,Your accuracy and completion of spanish tasks are commendable but  room for improvement in participation and engagement; keep up the good work!
47,Reena Gupta,reenagupta@yahoo.com,reenagupta@yahoo.com,guptar@gmail.com,Arabic,3,1,2,3,3,2,3,Your dedication and effort in learning Arabic are commendable with excellent concept understanding and completion of tasks; although  room for improvement in participation and accuracy keep up the good work!
47,Reena Gupta,reenagupta@yahoo.com,reenagupta@yahoo.com,pandeychirag2@gmail.com,Chinese,2,3,2,2,3,3,2,Your active participation in Chinese class is commendable with strong effort and engagement; however focusing a bit more on accuracy and completion could enhance your learning experience. Keep up the good work!
49,Anika Singh,anika@gmail.com,anika@gmail.com,rparida@gmail.com,spanish,3,2,3,2,2,3,2,Your accuracy and engagement with spanish are commendable but focusing a bit more on participation and completion could enhance your overall learning experience. Keep up the good work!
49,Anika Singh,anika@gmail.com,anika@gmail.com,pandeychirag2@gmail.com,Chinese,2,3,2,3,2,2,3,Your active participation and effort in learning Chinese are commendable with strong engagement and completion of tasks; however room for improvement in accuracy and fluency keep up the good work!
49,Anika Singh,anika@gmail.com,anika@gmail.com,rohan_verma@yahoo.com,Korean,2,3,2,3,2,2,3,Your active participation and effort in learning Korean are commendable with strong engagement and completion of tasks; however room for improvement in accuracy and fluency keep up the good work!
50,Meena Sahoo,meenas55@yahoo.com,meenas55@yahoo.com,sheikm@gmail.com,Arabic,2,3,2,3,1,2,2,Your active participation and effort in learning Arabic are commendable with good understanding and completion of tasks; however  room for improvement in accuracy and fluencykeep up the good work!
50,Meena Sahoo,meenas55@yahoo.com,meenas55@yahoo.com,amansh45@gmail.com,Hindi,2,3,2,3,2,2,3,Your active participation and dedication to learning Hindi are commendable with strong effort and engagement however  is room for improvement in accuracy and conceptual understanding keep up the good work!
